Workbook

Sheet Raw Data
A1: ID | B1: Name | C1: Email | D1: Password | E1: Role | F1: Status | G1: Created_at | H1: Email_domain
A2: 1 | B2: Aboelyazzed Hatem | C2: aboelyazzedhatem992@gmail.com | D2: ******* | E2: engineer | F2: active | G2: 46261.834 | H2: google.com
A3: 2 | B3: Aboelyazzed Hatem | C3: aboelyazzedhatem992@gmail.com | D3: ******* | E3: seeker | F3: active | G3: 46261.837 | H3: google.com
A4: 3 | B4: Monir Ossama | C4: admin@engineerhub.com | D4: ******* | E4: admin | F4: active | G4: 46261.89 | H4: engineerhub.com
A5: 5 | B5: Salma Ali | C5: salma@gmail.com | D5: ******* | E5: seeker | F5: active | G5: 46263.94 | H5: google.com
A6: 7 | B6: Salma Hassan | C6: aboelyazzedjjjjhatem992@gmail.com | D6: ******* | E6: seeker | F6: active | G6: 46264.796 | H6: google.com
A7: 9 | B7: Salma Khalil | C7: Salmaatmedji@gamil.com | D7: ******* | E7: engineer | F7: active | G7: 46267.239 | H7: google.com
A8: 12 | B8: Eng. ZEZO1 | C8: zezo9h43@gmail.com | D8: ******* | E8: seeker | F8: active | G8: 46267.251 | H8: google.com
A9: 13 | B9: Ali Omar | C9: x@gamil.com | D9: ******* | E9: seeker | F9: active | G9: 46267.462 | H9: google.com
A10: 15 | B10: Ahmed Ali | C10: zezzo943@gmail.com | D10: ******* | E10: engineer | F10: active | G10: 46267.59 | H10: google.com

Sheet Table
A1: ID | B1: Name | C1: Email | D1: Role | E1: Status | F1: Created_at | G1: Created_Date | H1: Email_Domain
A2: 1 | B2: Aboelyazzed Hatem | C2: aboelyazzedhatem992@gmail.com | D2: engineer | E2: active | F2: 46261.834 | G2: =INT(F2) -> 46261 | H2: =IFERROR(LOWER(MID(C2,FIND("@",C2)+1,100)),"") -> gmail.com
A3: 2 | B3: Aboelyazzed Hatem | C3: aboelyazzedhatem992@gmail.com | D3: seeker | E3: active | F3: 46261.837 | G3: =INT(F3) -> 46261 | H3: =IFERROR(LOWER(MID(C3,FIND("@",C3)+1,100)),"") -> gmail.com
A4: 3 | B4: Monir Ossama | C4: admin@engineerhub.com | D4: admin | E4: active | F4: 46261.89 | G4: =INT(F4) -> 46261 | H4: =IFERROR(LOWER(MID(C4,FIND("@",C4)+1,100)),"") -> engineerhub.com
A5: 5 | B5: Salma Ali | C5: salma@gmail.com | D5: seeker | E5: active | F5: 46263.94 | G5: =INT(F5) -> 46263 | H5: =IFERROR(LOWER(MID(C5,FIND("@",C5)+1,100)),"") -> gmail.com
A6: 7 | B6: Salma Hassan | C6: aboelyazzedjjjjhatem992@gmail.com | D6: seeker | E6: active | F6: 46264.796 | G6: =INT(F6) -> 46264 | H6: =IFERROR(LOWER(MID(C6,FIND("@",C6)+1,100)),"") -> gmail.com
A7: 9 | B7: Salma Khalil | C7: Salmaatmedji@gamil.com | D7: engineer | E7: active | F7: 46267.239 | G7: =INT(F7) -> 46267 | H7: =IFERROR(LOWER(MID(C7,FIND("@",C7)+1,100)),"") -> gamil.com
A8: 12 | B8: Eng. ZEZO1 | C8: zezo9h43@gmail.com | D8: seeker | E8: active | F8: 46267.251 | G8: =INT(F8) -> 46267 | H8: =IFERROR(LOWER(MID(C8,FIND("@",C8)+1,100)),"") -> gmail.com
A9: 13 | B9: Ali Omar | C9: x@gamil.com | D9: seeker | E9: active | F9: 46267.462 | G9: =INT(F9) -> 46267 | H9: =IFERROR(LOWER(MID(C9,FIND("@",C9)+1,100)),"") -> gamil.com
A10: 15 | B10: Ahmed Ali | C10: zezzo943@gmail.com | D10: engineer | E10: active | F10: 46267.59 | G10: =INT(F10) -> 46267 | H10: =IFERROR(LOWER(MID(C10,FIND("@",C10)+1,100)),"") -> gmail.com

Sheet User Dashboard
B2: Users Dashboard
B5: TOTAL USERS | D5: ENGINEERS | F5: SEEKERS | H5: ADMINS | J5: ACTIVE USERS | L5: LAST SIGN-UP
B6: =COUNTA(Table!$A$2:$A$500) -> 9 | D6: =C44 -> 3 | F6: =C45 -> 5 | H6: =C46 -> 1 | J6: =COUNTIF(Table!$E$2:$E$500,"active") -> 9 | L6: =MAX(Table!$G$2:$G$500) -> 46267
B7: registered accounts | D7: =IFERROR(D6/$B$6,0) -> 0.33333333 | F7: =IFERROR(F6/$B$6,0) -> 0.55555556 | H7: =IFERROR(H6/$B$6,0) -> 0.11111111 | J7: =IFERROR(J6/$B$6,0) -> 1 | L7: =MIN(Table!$G$2:$G$500) -> 46261
B41: Chart data (feeds the charts above - all formulas linked to the 'Table' sheet)
B43: Role | C43: Users | G43: Date | H43: Label | I43: Sign-ups | J43: =$B$44 -> Engineer | K43: =$B$45 -> Seeker | L43: =$B$46 -> Admin | M43: Cumulative
B44: Engineer | C44: =COUNTIF(Table!$D$2:$D$500,B44) -> 3 | G44: =MAX(Table!$G$2:$G$500)-6 -> 46261 | H44: =DAY(G44)&"/"&MONTH(G44) -> 27/8 | I44: =COUNTIF(Table!$G$2:$G$500,G44) -> 3 | J44: =COUNTIFS(Table!$G$2:$G$500,$G44,Table!$D$2:$D$500,J$43) -> 1 | K44: =COUNTIFS(Table!$G$2:$G$500,$G44,Table!$D$2:$D$500,K$43) -> 1 | L44: =COUNTIFS(Table!$G$2:$G$500,$G44,Table!$D$2:$D$500,L$43) -> 1 | M44: =COUNTIF(Table!$G$2:$G$500,"<="&G44) -> 3
B45: Seeker | C45: =COUNTIF(Table!$D$2:$D$500,B45) -> 5 | G45: =G44+1 -> 46262 | H45: =DAY(G45)&"/"&MONTH(G45) -> 28/8 | I45: =COUNTIF(Table!$G$2:$G$500,G45) -> 0 | J45: =COUNTIFS(Table!$G$2:$G$500,$G45,Table!$D$2:$D$500,J$43) -> 0 | K45: =COUNTIFS(Table!$G$2:$G$500,$G45,Table!$D$2:$D$500,K$43) -> 0 | L45: =COUNTIFS(Table!$G$2:$G$500,$G45,Table!$D$2:$D$500,L$43) -> 0 | M45: =COUNTIF(Table!$G$2:$G$500,"<="&G45) -> 3
B46: Admin | C46: =COUNTIF(Table!$D$2:$D$500,B46) -> 1 | G46: =G45+1 -> 46263 | H46: =DAY(G46)&"/"&MONTH(G46) -> 29/8 | I46: =COUNTIF(Table!$G$2:$G$500,G46) -> 1 | J46: =COUNTIFS(Table!$G$2:$G$500,$G46,Table!$D$2:$D$500,J$43) -> 0 | K46: =COUNTIFS(Table!$G$2:$G$500,$G46,Table!$D$2:$D$500,K$43) -> 1 | L46: =COUNTIFS(Table!$G$2:$G$500,$G46,Table!$D$2:$D$500,L$43) -> 0 | M46: =COUNTIF(Table!$G$2:$G$500,"<="&G46) -> 4
G47: =G46+1 -> 46264 | H47: =DAY(G47)&"/"&MONTH(G47) -> 30/8 | I47: =COUNTIF(Table!$G$2:$G$500,G47) -> 1 | J47: =COUNTIFS(Table!$G$2:$G$500,$G47,Table!$D$2:$D$500,J$43) -> 0 | K47: =COUNTIFS(Table!$G$2:$G$500,$G47,Table!$D$2:$D$500,K$43) -> 1 | L47: =COUNTIFS(Table!$G$2:$G$500,$G47,Table!$D$2:$D$500,L$43) -> 0 | M47: =COUNTIF(Table!$G$2:$G$500,"<="&G47) -> 5
B48: Data quality checks | G48: =G47+1 -> 46265 | H48: =DAY(G48)&"/"&MONTH(G48) -> 31/8 | I48: =COUNTIF(Table!$G$2:$G$500,G48) -> 0 | J48: =COUNTIFS(Table!$G$2:$G$500,$G48,Table!$D$2:$D$500,J$43) -> 0 | K48: =COUNTIFS(Table!$G$2:$G$500,$G48,Table!$D$2:$D$500,K$43) -> 0 | L48: =COUNTIFS(Table!$G$2:$G$500,$G48,Table!$D$2:$D$500,L$43) -> 0 | M48: =COUNTIF(Table!$G$2:$G$500,"<="&G48) -> 5
B49: Rows sharing a duplicate email | E49: =SUMPRODUCT((Table!$C$2:$C$500<>"")*(COUNTIF(Table!$C$2:$C$500,Table!$C$2:$C$500)>1)) -> 2 | G49: =G48+1 -> 46266 | H49: =DAY(G49)&"/"&MONTH(G49) -> 1/9 | I49: =COUNTIF(Table!$G$2:$G$500,G49) -> 0 | J49: =COUNTIFS(Table!$G$2:$G$500,$G49,Table!$D$2:$D$500,J$43) -> 0 | K49: =COUNTIFS(Table!$G$2:$G$500,$G49,Table!$D$2:$D$500,K$43) -> 0 | L49: =COUNTIFS(Table!$G$2:$G$500,$G49,Table!$D$2:$D$500,L$43) -> 0 | M49: =COUNTIF(Table!$G$2:$G$500,"<="&G49) -> 5
B50: Emails on 'gamil.com' (typo?) | E50: =COUNTIF(Table!$H$2:$H$500,"gamil.com") -> 2 | G50: =G49+1 -> 46267 | H50: =DAY(G50)&"/"&MONTH(G50) -> 2/9 | I50: =COUNTIF(Table!$G$2:$G$500,G50) -> 4 | J50: =COUNTIFS(Table!$G$2:$G$500,$G50,Table!$D$2:$D$500,J$43) -> 2 | K50: =COUNTIFS(Table!$G$2:$G$500,$G50,Table!$D$2:$D$500,K$43) -> 2 | L50: =COUNTIFS(Table!$G$2:$G$500,$G50,Table!$D$2:$D$500,L$43) -> 0 | M50: =COUNTIF(Table!$G$2:$G$500,"<="&G50) -> 9
H52: Shows the last 7 days of data ending at the latest sign-up date. | I52: Shows the last 7 days of data ending at the latest sign-up date.
